{
  "_meta": {
    "compiled_on": "2026-05-13",
    "seed_post_money": 4500000
  },
  "years": [
    "Y1",
    "Y2",
    "Y3",
    "Y4",
    "Y5"
  ],
  "revenue_total": [
    195000,
    565500.0,
    1535700.0,
    2932980.0,
    4963740.0
  ],
  "revenue_by_segment": {
    "Individual Teacher Pro (SaaS)": [
      60000,
      175000,
      455000,
      877500,
      1400000
    ],
    "School Standard ($6-7 / student / yr)": [
      75000,
      201500.0,
      439400.0,
      759780.0,
      1197840.0
    ],
    "School Premium ($10-12 / student / yr)": [
      60000,
      189000.0,
      443300,
      796950.0,
      1303900.0
    ],
    "District / Multi-school ($5-6 / student / yr)": [
      0,
      0,
      198000.0,
      498750.0,
      1062000.0
    ]
  },
  "costs_total": [
    640000,
    1480000,
    2780000,
    4810000,
    6950000
  ],
  "costs_by_line": {
    "Engineering & R&D": [
      200000,
      400000,
      750000,
      1200000,
      1700000
    ],
    "Game Design & Content": [
      60000,
      150000,
      350000,
      600000,
      850000
    ],
    "Cloud Infrastructure": [
      40000,
      120000,
      250000,
      500000,
      800000
    ],
    "Sales & Marketing": [
      180000,
      450000,
      800000,
      1400000,
      1900000
    ],
    "Customer Success": [
      30000,
      100000,
      200000,
      400000,
      650000
    ],
    "Research & Curriculum": [
      40000,
      80000,
      130000,
      180000,
      250000
    ],
    "G&A (legal, finance, ops)": [
      60000,
      120000,
      200000,
      380000,
      600000
    ],
    "Compliance / data governance": [
      30000,
      60000,
      100000,
      150000,
      200000
    ]
  },
  "ebitda": [
    -445000,
    -914500.0,
    -1244300.0,
    -1877020.0,
    -1986260.0
  ],
  "cash_flow_cum": [
    -445000,
    -1359500.0,
    -2603800.0,
    -4480820.0,
    -6467080.0
  ],
  "operating_margin_pct": [
    -228.2051282051282,
    -161.71529619805483,
    -81.02493976688156,
    -63.99702691460563,
    -40.015391620028446
  ],
  "seed": {
    "raise_usd": 500000,
    "pre_money_usd": 4000000,
    "post_money_usd": 4500000,
    "ownership_pct": 11.11111111111111
  },
  "comparables": [
    {
      "name": "Kahoot! (take-private Mar 2024)",
      "ev_usd": 1660000000,
      "arr_usd": 150000000,
      "multiple": 11.1,
      "type": "K-12 game-based"
    },
    {
      "name": "Duolingo (IPO Jul 2021)",
      "ev_usd": 6500000000,
      "arr_usd": 250000000,
      "multiple": 26.0,
      "type": "EdTech consumer"
    },
    {
      "name": "Duolingo (May 2026 trading)",
      "ev_usd": 5000000000,
      "arr_usd": 1040000000,
      "multiple": 4.8,
      "type": "EdTech consumer (mature)"
    },
    {
      "name": "Quizlet (Series C, May 2020)",
      "ev_usd": 1000000000,
      "arr_usd": 80000000,
      "multiple": 12.5,
      "type": "EdTech B2C SaaS"
    },
    {
      "name": "EdTech seed-stage avg (Finerva 2024)",
      "ev_usd": null,
      "arr_usd": null,
      "multiple": 11.9,
      "type": "Seed benchmark"
    },
    {
      "name": "EdTech Series A/B median (Finrofca Q4 2025)",
      "ev_usd": null,
      "arr_usd": null,
      "multiple": 10.0,
      "type": "Series A/B benchmark"
    }
  ],
  "scenarios": {
    "bear": {
      "series_a": {
        "y3_arr": 767850.0,
        "y4_forward_arr": 1466490.0,
        "series_a_post_money": 4399470.0,
        "seed_ownership_post_a": 0.09111111111111111,
        "seed_paper_value": 400840.60000000003,
        "moic": 0.8016812000000001
      },
      "series_b": {
        "y5_arr": 1985496.0,
        "series_b_post_money": 5956488.0,
        "seed_ownership_post_b": 0.07744444444444444,
        "seed_paper_value": 461296.904,
        "moic": 0.922593808
      },
      "desc": "GCC pilot conversion stalls; only 50% of base ARR realized; trading at distressed-EdTech multiple"
    },
    "base": {
      "series_a": {
        "y3_arr": 1535700.0,
        "y4_forward_arr": 2932980.0,
        "series_a_post_money": 14664900.0,
        "seed_ownership_post_a": 0.09111111111111111,
        "seed_paper_value": 1336135.3333333335,
        "moic": 2.672270666666667
      },
      "series_b": {
        "y5_arr": 4963740.0,
        "series_b_post_money": 24818700.0,
        "seed_ownership_post_b": 0.07744444444444444,
        "seed_paper_value": 1922070.4333333333,
        "moic": 3.8441408666666668
      },
      "desc": "Plan executes; Series A 2028 at current EdTech median revenue multiple (~5\u00d7 public comp; ~6-8\u00d7 private growth)"
    },
    "bull": {
      "series_a": {
        "y3_arr": 2303550.0,
        "y4_forward_arr": 4399470.0,
        "series_a_post_money": 35195760.0,
        "seed_ownership_post_a": 0.09111111111111111,
        "seed_paper_value": 3206724.8000000003,
        "moic": 6.413449600000001
      },
      "series_b": {
        "y5_arr": 8438358.0,
        "series_b_post_money": 67506864.0,
        "seed_ownership_post_b": 0.07744444444444444,
        "seed_paper_value": 5228031.5786666665,
        "moic": 10.456063157333332
      },
      "desc": "GCC ministries adopt + US Clever partnership lands; private growth multiple (8\u00d7 ARR per Q4 2025 Finrofca private-comp range)"
    }
  },
  "unit_economics": {
    "school": {
      "acv_usd": 3400,
      "gm_pct": 78.0,
      "cac_usd": 6500,
      "ltv_usd": 17680.0,
      "ltv_cac": 2.72,
      "payback_mo": 29.411764705882355,
      "logo_retention": 0.85,
      "nrr": 1.1
    },
    "teacher": {
      "acv_usd": 150,
      "gm_pct": 78.0,
      "cac_usd": 50,
      "ltv_usd": 334.2857142857143,
      "ltv_cac": 6.685714285714286,
      "payback_mo": 5.128205128205128,
      "logo_retention": 0.65,
      "nrr": 1.0
    }
  },
  "use_of_funds": {
    "GTM: 2 BD hires + founder travel + GESS/BETT": 250000,
    "Engineering (1 senior hire + AI tooling)": 125000,
    "Pilots + content + 1 wedge-game deepening": 50000,
    "Compliance + legal (KSA PDPL, COPPA, SAFE)": 50000,
    "Operations + reserve": 25000
  }
}